{
    "(16.5096679, 80.5184535)": 0.0,
    "(13.067129, 77.621897)": 0.78, 
    "(11.237696, 76.7826199)": 0.0, 
    "(9.9242223, 77.0133638)": 0.5, 
    "(12.8179996, 76.0723187)": 0.85, 
    "(12.172778, 77.073056)": 0.56, 
    "(12.0140065, 76.4152088)": 0.97, 
    "(58.3897829, 26.6063593)": 0.02, 
    "(11.0496215, 79.3580428)": 0.0, 
    "(11.9667954, 75.9839484)": 0.03, 
    "(12.6108167, 76.7301496)": 0.0, 
    "(11.1007742, 77.3269774)": 0.0, 
    "(12.3114772, 78.5590871)": 0.4, 
    "(12.8027322, 76.972542)": 0.0, 
    "(12.4196500, 75.5218300)": 0.37, 
    "(19.5383077, 74.3229051)": 0.0, 
    "(38.0418669, -1.4906872)": 0.44, 
    "(20.2648995, 75.3168154)": 0.0, 
    "(19.384146, 79.326267)": 0.2,
    "(25.659598350000003, 84.91046993853553)": 0.01, 
    "(21.3553625, 79.7970439)": 0.76, 
    "(20.735706399999998, 78.55649896377687)": 0.0, 
    "(19.7117763, 73.7770547)": 0.19, 
    "(20.0321839, 76.972067)": 0.0, 
    "(19.18104375, 76.99403314900697)": 0.0, 
    "(27.375393250000002, 94.16571784886494)": 0.26, 
    "(18.9621023, 79.87171002186886)": 0.59, 
    "(19.2103059, 81.5511703)": 0.0, 
    "(16.2245334, 74.9324816)": 0.3, 
    "(15.8914192, 75.1982668)": 0.0, 
    "(17.6478049, 75.5198264)": 0.0, 
    "(15.3444252, 76.4933824)": 0.47, 
    "(17.341652, 79.1383302)": 0.0, 
    "(21.7295, 82.4758)": 0.54,
    "(20.95365565, 82.62896101501592)": 0.35, 
    "(22.7344793, 82.5619447)": 0.22, 
    "(22.4624216, 83.2352189)": 0.31, 
    "(22.7459254, 83.8954303)": 0.19, 
    "(40.3978206, -97.8360425)": 0.08, 
    "(41.7599738, 48.6435847)": 0.4, 
    "(23.5842777, 81.2046016)": 0.24, 
    "(44.8107521, 1.9102321)": 0.0,
    "(24.554167, 82.375278)": 0.06,  
    "(24.150983, 82.8978537)": 0.81, 
    "(32.155113, 75.990703)": 0.0, 
    "(24.1409578, 83.3161819)": 0.42, 
    "(23.5961374, 84.3134528)": 0.0
}